id,name,faction_id,speed,attack,defense,grit,accuracy,evasion,magic,ward,luck,morale,charisma,hp_current,hp_max,status,xp,level,weapon,total_kills,fallen_runs,role,base_stats,race,portrait_url,injury_tier,boss_kills,total_injuries,fell_in_dungeon_id,pocket_change,gauntlet_points,owner_player_id,crawl_priority,crawl_stats,submission_blurb,crawl_approval_status,crawl_submitted_at,crawl_pm_modifier,crawl_rejection_note,portrait_status,portrait_review_note,starting_outfit,crawl_growth_purchases,owner_note,crawl_xp,crawl_level
118,Dravena,5,0,0,0,0,0,0,0,0,0,0,0,0,0,active,0,1,their weapon,0,0,,{},human,,0,0,0,,0,0,1,"[""power"",""charm"",""agility"",""guard""]",,This is a test attempt.,rejected,2026-08-27 15:11:28.132334+00,2,Rejecting test attempt.,not_started,,"draped wrap dress with a flowing hem and a high side slit, in deep indigo, with gilt trim, with a braided cord crossing diagonally at the chest",{},,0,0
69,Dazzle Solstice,3,8,19,45,41,28,17,5,22,17,0,0,62,62,tavern,0,1,,0,0,Tank,"{""grit"":40,""luck"":17,""ward"":22,""magic"":4,""speed"":8,""attack"":19,""defense"":45,""evasion"":16,""accuracy"":28}",human,https://images.crawlball.app/portraits/dazzle_solstice.png,0,0,0,,0,0,,,,,,,,,not_started,,,{},,0,0
117,Nerissa Fortuna,6,0,0,0,0,0,0,0,0,0,0,0,0,0,active,0,1,their weapon,0,0,,{},human,https://images.crawlball.app/portraits/nerissa_fortuna.png,0,0,0,,0,0,3,"[""agility"",""charm"",""power"",""guard""]","{""charm"":32,""guard"":8,""power"":20,""agility"":44}","Tall and lithe build, short white hair, black cat ears and tail, yellow slitted cat eyes, tan skin, wide grin, mischievous personality: always looking for the next prank to pull, or loose coin to steal.",approved,2026-08-19 15:53:33.565064+00,1,,pending_review,,"Structured blazer worn open, tailored cigarette trousers, in tarnished bronze, with fae-touched detailing, with a plunging open back.",{},,31,0
30,Dawneth Darkhollow,4,35,13,26,19,36,38,49,50,24,99,0,31,31,active,995,12,their weapon,415,0,Mage,"{""grit"":19,""luck"":22,""ward"":43,""magic"":40,""speed"":27,""attack"":7,""defense"":16,""evasion"":26,""accuracy"":34}",half-elf,https://images.crawlball.app/portraits/dawneth_darkhollow.png,0,1,34,,111,3,,,,,,,,,not_started,,,{},,0,0
23,Crystallis Sternwatch,3,44,30,28,23,37,25,21,22,20,100,0,39,39,active,856,10,their weapon,302,0,Balanced,"{""grit"":22,""luck"":20,""ward"":18,""magic"":11,""speed"":34,""attack"":26,""defense"":23,""evasion"":23,""accuracy"":34}",slimegirl,https://images.crawlball.app/portraits/crystallis_sternwatch.png,0,0,42,,70,0,,,,,,,,,not_started,,,{},,0,0
46,Isilwen Jinglewick,6,33,29,26,17,33,28,26,22,24,100,0,39,42,active,420,11,their weapon,290,0,Balanced,"{""grit"":19,""luck"":24,""ward"":18,""magic"":12,""speed"":29,""attack"":25,""defense"":21,""evasion"":26,""accuracy"":29}",elf,https://images.crawlball.app/portraits/isilwen_jinglewick.png,0,0,20,,105,2,,,,,,,,,not_started,,,{},,0,0
76,Mirka Firevale,5,47,43,16,20,42,46,8,13,32,21,0,35,35,tavern,0,1,,0,0,Striker,"{""grit"":16,""luck"":30,""ward"":13,""magic"":7,""speed"":45,""attack"":34,""defense"":15,""evasion"":42,""accuracy"":42}",void-touched,https://images.crawlball.app/portraits/mirka_firevale.png,0,0,0,,0,0,,"[""agility"",""power"",""guard"",""charm""]","{""charm"":8,""guard"":20,""power"":32,""agility"":44}",,approved,,-2,,not_started,,,{},,35,0
3,Hanne Hammerstone,1,21,27,48,37,33,13,10,27,14,97,0,52,52,active,887,13,their weapon,409,0,Tank,"{""grit"":39,""luck"":14,""ward"":23,""magic"":4,""speed"":12,""attack"":24,""defense"":42,""evasion"":11,""accuracy"":24}",oni,https://images.crawlball.app/portraits/hanne_hammerstone.png,0,0,23,,125,2,,,,,,,,,not_started,,,{},,0,0
66,Aoife Pinehurst,2,16,29,40,40,22,17,11,29,10,0,0,53,53,tavern,0,1,,0,0,Tank,"{""grit"":39,""luck"":10,""ward"":27,""magic"":7,""speed"":12,""attack"":27,""defense"":37,""evasion"":17,""accuracy"":20}",human,https://images.crawlball.app/portraits/aoife_pinehurst.png,0,0,0,,0,0,,,,,,,,,not_started,,,{},,0,0
33,Ash Everwick,5,30,17,23,20,35,29,55,40,25,0,0,29,31,fallen,174,9,their weapon,213,0,Mage,"{""grit"":19,""luck"":23,""ward"":40,""magic"":44,""speed"":21,""attack"":9,""defense"":13,""evasion"":27,""accuracy"":32}",catgirl,https://images.crawlball.app/portraits/ash_everwick.png,4,0,61,4,22,0,,,,,,,,,not_started,,,{},,0,0
77,Schema,,15,30,35,37,25,8,5,24,16,0,0,53,53,tavern,0,1,,0,0,Tank,"{""grit"":37,""luck"":16,""ward"":24,""magic"":5,""speed"":15,""attack"":30,""defense"":35,""evasion"":8,""accuracy"":25}",construct,https://images.crawlball.app/portraits/schema.png,0,0,0,,0,0,,,,,,,,,not_started,,,{},,0,0
67,Lumenara Moonfall,,43,35,8,17,32,30,6,6,18,0,0,29,29,tavern,0,1,,0,0,Striker,"{""grit"":17,""luck"":18,""ward"":6,""magic"":6,""speed"":43,""attack"":35,""defense"":8,""evasion"":30,""accuracy"":32}",human,https://images.crawlball.app/portraits/lumenara_moonfall.png,0,0,0,,0,0,,,,,,,,,not_started,,,{},,0,0
55,Astra Goldcrest,7,48,34,24,13,48,33,11,16,30,97,0,31,31,active,225,11,their weapon,320,0,Striker,"{""grit"":13,""luck"":30,""ward"":8,""magic"":5,""speed"":42,""attack"":32,""defense"":14,""evasion"":33,""accuracy"":40}",human,https://images.crawlball.app/portraits/astra_goldcrest.png,0,0,32,,58,2,,,,,,,,,not_started,,,{},,0,0
70,Riptara Wraithborn,1,33,18,25,20,26,30,10,22,26,0,0,41,41,tavern,0,1,,0,0,Balanced,"{""grit"":20,""luck"":26,""ward"":22,""magic"":10,""speed"":33,""attack"":18,""defense"":25,""evasion"":30,""accuracy"":26}",human,https://images.crawlball.app/portraits/riptara_wraithborn.png,0,0,0,,0,0,,,,,,,,,not_started,,,{},,0,0
2,Durga Stonewright,1,49,46,20,10,39,40,10,11,30,97,0,29,29,active,1323,14,their weapon,641,0,Striker,"{""grit"":11,""luck"":30,""ward"":7,""magic"":4,""speed"":39,""attack"":36,""defense"":14,""evasion"":36,""accuracy"":37}",half-orc,https://images.crawlball.app/portraits/durga_stonewright.png,0,0,28,,141,2,,,,,,,,,not_started,,,{},,0,0
34,Nymriel Lexiwick,5,35,13,20,19,41,32,47,44,23,0,0,28,30,active,286,9,their weapon,227,0,Mage,"{""grit"":19,""luck"":21,""ward"":39,""magic"":44,""speed"":27,""attack"":5,""defense"":11,""evasion"":25,""accuracy"":37}",half-elf,https://images.crawlball.app/portraits/nymriel_lexiwick.png,0,0,65,,20,0,,,,,,,,,not_started,,,{},,0,0
11,Sorrel Greenveil,2,42,17,22,17,43,22,48,55,27,100,0,31,33,active,1012,13,their weapon,449,0,Mage,"{""grit"":17,""luck"":25,""ward"":45,""magic"":42,""speed"":27,""attack"":7,""defense"":12,""evasion"":19,""accuracy"":35}",human,https://images.crawlball.app/portraits/sorrel_greenveil.png,1,0,53,,153,0,,,,,,,,,not_started,,,{},,0,0
9,Eabha Heatherfield,2,49,41,31,15,40,38,19,18,29,100,0,30,32,active,892,13,their weapon,434,0,Striker,"{""grit"":14,""luck"":29,""ward"":8,""magic"":4,""speed"":39,""attack"":37,""defense"":15,""evasion"":34,""accuracy"":36}",human,https://images.crawlball.app/portraits/eabha_heatherfield.png,0,0,47,,151,0,,,,,,,,,not_started,,,{},,0,0
19,Celebril Seaward,3,27,7,13,19,34,24,38,37,21,0,0,27,27,fallen,63,1,their weapon,6,0,Mage,"{""grit"":19,""luck"":21,""ward"":37,""magic"":38,""speed"":27,""attack"":7,""defense"":13,""evasion"":24,""accuracy"":34}",elf,https://images.crawlball.app/portraits/celebril_seaward.png,0,0,2,2,0,0,,,,,,,,,not_started,,,{},,0,0
72,Melpomene Loamward,4,17,27,42,38,27,12,4,40,16,23,0,57,57,tavern,17,7,,124,0,Tank,"{""grit"":38,""luck"":16,""ward"":32,""magic"":4,""speed"":15,""attack"":21,""defense"":38,""evasion"":9,""accuracy"":25}",drow,https://images.crawlball.app/portraits/melpomene_loamward.png,0,0,22,,13,0,,"[""guard"",""agility"",""charm"",""power""]","{""charm"":20,""guard"":44,""power"":8,""agility"":32}",,approved,,-2,,not_started,,,{},,0,0
97,Chit,,22,20,19,22,33,21,9,15,19,0,0,32,32,tavern,0,1,,0,0,Balanced,"{""grit"":22,""luck"":19,""ward"":15,""magic"":9,""speed"":22,""attack"":20,""defense"":19,""evasion"":21,""accuracy"":33}",goblin,https://images.crawlball.app/portraits/chit.png,0,0,0,,0,0,,,,,,,,,not_started,,,{},,0,0
71,Aurora Bleakwick,,12,23,38,38,19,14,2,23,10,0,0,45,45,tavern,0,1,,0,0,Tank,"{""grit"":38,""luck"":10,""ward"":23,""magic"":2,""speed"":12,""attack"":23,""defense"":38,""evasion"":14,""accuracy"":19}",human,https://images.crawlball.app/portraits/aurora_bleakwick.png,0,0,0,,0,0,,,,,,,,,not_started,,,{},,0,0
49,Elenara Luminal,7,32,11,21,18,38,35,47,47,24,95,0,28,28,active,740,12,their weapon,385,0,Mage,"{""grit"":18,""luck"":24,""ward"":41,""magic"":43,""speed"":22,""attack"":7,""defense"":17,""evasion"":27,""accuracy"":30}",half-elf,https://images.crawlball.app/portraits/elenara_luminal.png,1,1,60,,58,3,,,,,,,,,not_started,,,{},,0,0
78,Caladwen Plaguemark,7,34,23,22,23,32,19,12,21,21,0,0,44,44,tavern,0,1,,0,0,Balanced,"{""grit"":23,""luck"":21,""ward"":21,""magic"":12,""speed"":34,""attack"":23,""defense"":22,""evasion"":19,""accuracy"":32}",elf,https://images.crawlball.app/portraits/caladwen_plaguemark.png,0,0,0,,0,0,,"[""agility"",""charm"",""guard"",""power""]","{""charm"":32,""guard"":20,""power"":8,""agility"":44}",,approved,,-1,,not_started,,,{},,20,0
60,Nadka Doomfall,8,33,14,16,17,45,29,52,46,23,77,0,27,27,active,433,11,their weapon,301,0,Mage,"{""grit"":17,""luck"":21,""ward"":41,""magic"":42,""speed"":25,""attack"":10,""defense"":14,""evasion"":21,""accuracy"":35}",human,https://images.crawlball.app/portraits/nadka_doomfall.png,1,0,82,,29,0,,,,,,,,,not_started,,,{},,0,0
98,Lorcan Coinflip,,23,26,18,20,28,28,13,19,25,0,0,32,32,tavern,0,1,,0,0,Balanced,"{""grit"":20,""luck"":25,""ward"":19,""magic"":13,""speed"":23,""attack"":26,""defense"":18,""evasion"":28,""accuracy"":28}",fungal,https://images.crawlball.app/portraits/lorcan_coinflip.png,0,0,0,,0,0,,,,,,,,,not_started,,,{},,0,0
38,Taurielen Lecturnmark,5,50,33,22,16,45,40,6,11,28,57,0,26,30,active,41,9,their weapon,217,0,Striker,"{""grit"":14,""luck"":28,""ward"":6,""magic"":4,""speed"":40,""attack"":28,""defense"":14,""evasion"":35,""accuracy"":38}",elf,https://images.crawlball.app/portraits/taurielen_lecturnmark.png,0,0,39,,39,0,,,,,,,,,not_started,,,{},,0,0
39,Aura Mindholm,5,29,29,32,17,37,32,14,30,19,66,0,41,41,active,217,9,their weapon,239,0,Balanced,"{""grit"":17,""luck"":19,""ward"":21,""magic"":8,""speed"":27,""attack"":24,""defense"":22,""evasion"":23,""accuracy"":31}",human,https://images.crawlball.app/portraits/aura_mindholm.png,0,0,29,,44,0,,,,,,,,,not_started,,,{},,0,0
37,Athena Emblemborn,5,30,18,17,22,36,21,52,46,30,0,0,28,28,fallen,601,8,their weapon,187,0,Mage,"{""grit"":20,""luck"":26,""ward"":37,""magic"":48,""speed"":26,""attack"":6,""defense"":12,""evasion"":21,""accuracy"":33}",human,https://images.crawlball.app/portraits/athena_emblemborn.png,4,0,48,5,24,0,,,,,,,,,not_started,,,{},,0,0
35,Aelia Brightwick,5,34,32,37,29,37,23,16,23,25,2,0,37,37,active,878,9,their weapon,301,0,Balanced,"{""grit"":25,""luck"":23,""ward"":15,""magic"":13,""speed"":28,""attack"":26,""defense"":23,""evasion"":22,""accuracy"":34}",mothgirl,https://images.crawlball.app/portraits/aelia_brightwick.png,0,0,55,,39,0,,,,,,,,,not_started,,,{},,0,0
45,Elenara Cobweb,6,47,37,21,9,46,46,9,10,30,100,0,28,31,active,937,11,their weapon,349,0,Striker,"{""grit"":12,""luck"":30,""ward"":6,""magic"":3,""speed"":43,""attack"":33,""defense"":18,""evasion"":34,""accuracy"":41}",half-elf,https://images.crawlball.app/portraits/elenara_cobweb.png,0,0,30,,88,4,,,,,,,,,not_started,,,{},,0,0
22,Tidera Crestborn,3,36,23,32,18,31,27,13,32,24,100,0,36,36,active,220,10,their weapon,230,0,Balanced,"{""grit"":18,""luck"":24,""ward"":20,""magic"":7,""speed"":27,""attack"":21,""defense"":23,""evasion"":26,""accuracy"":31}",bat girl,https://images.crawlball.app/portraits/tidera_crestborn.png,0,0,44,,56,1,,,,,,,,,not_started,,,{},,0,0
63,Pallara Ruinfall,8,29,33,28,19,41,32,16,26,19,92,0,41,45,active,321,12,their weapon,357,0,Balanced,"{""grit"":19,""luck"":19,""ward"":20,""magic"":8,""speed"":23,""attack"":27,""defense"":22,""evasion"":26,""accuracy"":30}",dhampir,https://images.crawlball.app/portraits/pallara_ruinfall.png,1,0,28,,91,0,,,,,,,,,not_started,,,{},,0,0
24,Isilwen Tidehollow,3,20,29,42,36,32,18,9,24,11,100,0,54,54,active,755,10,their weapon,295,0,Tank,"{""grit"":36,""luck"":11,""ward"":23,""magic"":1,""speed"":18,""attack"":19,""defense"":38,""evasion"":11,""accuracy"":25}",elf,https://images.crawlball.app/portraits/isilwen_tidehollow.png,0,0,23,,73,2,,,,,,,,,not_started,,,{},,0,0
4,Gudrun Emberfell,1,33,27,20,24,35,36,15,22,19,97,0,40,40,active,700,13,their weapon,395,0,Balanced,"{""grit"":24,""luck"":19,""ward"":18,""magic"":7,""speed"":28,""attack"":22,""defense"":20,""evasion"":26,""accuracy"":30}",human,https://images.crawlball.app/portraits/gudrun_emberfell.png,0,0,29,,135,3,,,,,,,,,not_started,,,{},,0,0
12,Willa Cloverdale,2,43,30,35,20,44,29,20,30,22,100,0,42,46,active,624,14,their weapon,563,0,Balanced,"{""grit"":20,""luck"":22,""ward"":20,""magic"":7,""speed"":33,""attack"":24,""defense"":25,""evasion"":23,""accuracy"":34}",human,https://images.crawlball.app/portraits/willa_cloverdale.png,0,0,24,,157,0,,,,,,,,,not_started,,,{},,0,0
28,Ebony Fademark,4,33,27,29,23,31,28,13,18,20,84,0,36,38,active,598,7,their weapon,176,0,Balanced,"{""grit"":23,""luck"":20,""ward"":16,""magic"":9,""speed"":31,""attack"":25,""defense"":23,""evasion"":20,""accuracy"":31}",human,https://images.crawlball.app/portraits/ebony_fademark.png,2,0,37,,19,2,,,,,,,,,not_started,,,{},,0,0
51,Nimloth Brighthaven,7,33,35,28,25,35,33,15,26,19,100,0,40,40,active,265,13,their weapon,470,0,Balanced,"{""grit"":25,""luck"":19,""ward"":18,""magic"":9,""speed"":25,""attack"":27,""defense"":22,""evasion"":23,""accuracy"":33}",elf,https://images.crawlball.app/portraits/nimloth_brighthaven.png,0,0,30,,89,1,,,,,,,,,not_started,,,{},,0,0
21,Foamara Lagoonborn,3,45,50,12,10,44,40,6,15,28,100,0,31,31,active,364,11,their weapon,373,0,Striker,"{""grit"":10,""luck"":28,""ward"":7,""magic"":3,""speed"":37,""attack"":35,""defense"":12,""evasion"":35,""accuracy"":40}",cervine,https://images.crawlball.app/portraits/foamara_lagoonborn.png,0,0,45,,62,1,,,,,,,,,not_started,,,{},,0,0
68,Elenwe Withermark,6,38,27,17,17,34,23,47,44,16,100,0,27,29,active,399,11,,308,0,Mage,"{""grit"":17,""luck"":16,""ward"":36,""magic"":45,""speed"":31,""attack"":18,""defense"":14,""evasion"":19,""accuracy"":32}",elf,https://images.crawlball.app/portraits/elenwe_withermark.png,0,0,25,,81,1,,,,,,,,,not_started,,,{},,0,0
25,Drib,4,25,13,18,20,36,29,43,38,24,3,0,28,28,active,570,7,their weapon,150,0,Mage,"{""grit"":18,""luck"":24,""ward"":36,""magic"":43,""speed"":23,""attack"":7,""defense"":15,""evasion"":21,""accuracy"":32}",goblin,https://images.crawlball.app/portraits/drib.png,1,0,62,,12,2,,,,,,,,,not_started,,,{},,0,0
41,Elenmir Puddlejump,6,40,38,24,10,41,43,8,4,24,100,0,27,30,active,1166,14,their weapon,552,0,Striker,"{""grit"":13,""luck"":24,""ward"":4,""magic"":2,""speed"":36,""attack"":34,""defense"":12,""evasion"":35,""accuracy"":35}",elf,https://images.crawlball.app/portraits/elenmir_puddlejump.png,0,0,10,,179,5,,,,,,,,,not_started,,,{},,0,0
48,Sylvara Riddlewood,6,24,6,16,18,37,26,44,45,24,0,0,31,34,bench,4,3,their weapon,23,0,Mage,"{""grit"":18,""luck"":24,""ward"":43,""magic"":40,""speed"":22,""attack"":6,""defense"":16,""evasion"":24,""accuracy"":37}",elf,https://images.crawlball.app/portraits/sylvara_riddlewood.png,0,0,10,,0,0,,,,,,,,,not_started,,,{},,0,0
64,Sasha Moldgrave,8,32,34,30,23,39,31,21,19,21,97,0,43,43,active,777,12,their weapon,414,0,Balanced,"{""grit"":23,""luck"":21,""ward"":15,""magic"":9,""speed"":26,""attack"":28,""defense"":22,""evasion"":22,""accuracy"":31}",human,https://images.crawlball.app/portraits/sasha_moldgrave.png,0,0,28,,75,0,,,,,,,,,not_started,,,{},,0,0
26,Phantara Soulwatch,4,32,8,17,18,37,27,51,45,25,17,0,31,31,active,482,7,their weapon,184,0,Mage,"{""grit"":18,""luck"":23,""ward"":43,""magic"":47,""speed"":26,""attack"":6,""defense"":13,""evasion"":25,""accuracy"":33}",bunny girl,https://images.crawlball.app/portraits/phantara_soulwatch.png,3,0,44,,12,6,,,,,,,,,not_started,,,{},,0,0
73,Scamp Briarwall,8,25,20,16,16,36,25,59,37,30,0,0,34,36,tavern,0,1,,0,0,Mage,"{""grit"":16,""luck"":30,""ward"":37,""magic"":55,""speed"":23,""attack"":20,""defense"":15,""evasion"":25,""accuracy"":36}",dragon,https://images.crawlball.app/portraits/scamp_briarwall.png,0,0,0,,0,0,,,,,,,,,not_started,,,{},,0,0
6,Bodil Emberglow,1,11,28,43,32,34,15,9,23,14,75,0,52,52,active,40,10,their weapon,245,0,Tank,"{""grit"":32,""luck"":14,""ward"":19,""magic"":3,""speed"":10,""attack"":22,""defense"":39,""evasion"":11,""accuracy"":27}",bunny girl,https://images.crawlball.app/portraits/bodil_emberglow.png,3,1,33,,58,3,,"[""power"",""charisma"",""grit"",""precision"",""speed"",""guard""]","{""charm"":38,""guard"":10,""power"":45,""agility"":20}",,approved,,,,not_started,,,{},,0,0
91,Halcyon Gobsmack,,47,29,10,12,33,36,8,6,21,0,0,36,36,tavern,0,1,,0,0,Striker,"{""grit"":12,""luck"":21,""ward"":6,""magic"":8,""speed"":47,""attack"":29,""defense"":10,""evasion"":36,""accuracy"":33}",human,https://images.crawlball.app/portraits/halcyon_gobsmack.png,0,0,0,,0,0,,,,,,,,,not_started,,,{},,0,0
62,Bryna Fallengrave,8,29,32,48,38,29,12,9,31,15,97,0,52,52,active,153,12,their weapon,336,0,Tank,"{""grit"":36,""luck"":15,""ward"":23,""magic"":3,""speed"":17,""attack"":23,""defense"":40,""evasion"":10,""accuracy"":23}",human,https://images.crawlball.app/portraits/bryna_fallengrave.png,0,0,22,,91,0,,,,,,,,,not_started,,,{},,0,0
57,Grima Wornstone,8,22,30,57,40,36,19,5,31,14,92,0,58,58,active,317,12,their weapon,424,0,Tank,"{""grit"":38,""luck"":14,""ward"":25,""magic"":1,""speed"":18,""attack"":22,""defense"":45,""evasion"":13,""accuracy"":25}",half-orc,https://images.crawlball.app/portraits/grima_wornstone.png,1,0,49,,75,0,,,,,,,,,not_started,,,{},,0,0
92,Galadria Brazenmark,,36,27,18,18,34,34,5,11,21,0,0,40,40,tavern,0,1,,0,0,Striker,"{""grit"":18,""luck"":21,""ward"":11,""magic"":5,""speed"":36,""attack"":27,""defense"":18,""evasion"":34,""accuracy"":34}",elf,https://images.crawlball.app/portraits/galadria_brazenmark.png,0,0,0,,0,0,,,,,,,,,not_started,,,{},,0,0
10,Cedar Ivydale,2,34,33,31,24,44,38,18,27,23,100,0,38,40,active,748,13,their weapon,416,0,Balanced,"{""grit"":20,""luck"":19,""ward"":19,""magic"":13,""speed"":26,""attack"":24,""defense"":23,""evasion"":28,""accuracy"":36}",human,https://images.crawlball.app/portraits/cedar_ivydale.png,0,0,26,,145,0,,,,,,,,,not_started,,,{},,0,0
75,Coraline Barnacleborn,,27,19,18,24,24,18,11,23,25,0,0,36,36,tavern,0,1,,0,0,Balanced,"{""grit"":24,""luck"":25,""ward"":23,""magic"":11,""speed"":27,""attack"":19,""defense"":18,""evasion"":18,""accuracy"":24}",mermaid,https://images.crawlball.app/portraits/coraline_barnacleborn.png,0,0,0,,0,0,,,,,,,,,not_started,,,{},,0,0
40,Vesta Cipherborn,5,21,20,44,39,29,18,14,26,13,65,0,50,50,active,705,8,their weapon,200,0,Tank,"{""grit"":38,""luck"":13,""ward"":19,""magic"":4,""speed"":14,""attack"":18,""defense"":39,""evasion"":10,""accuracy"":25}",human,https://images.crawlball.app/portraits/vesta_cipherborn.png,0,0,30,,49,0,,,,,,,,,not_started,,,{},,0,0
93,Meadow Gulfborn,,27,12,11,15,28,31,36,37,26,0,0,38,38,tavern,0,1,,0,0,Mage,"{""grit"":15,""luck"":26,""ward"":37,""magic"":36,""speed"":27,""attack"":12,""defense"":11,""evasion"":31,""accuracy"":28}",human,https://images.crawlball.app/portraits/meadow_gulfborn.png,0,0,0,,0,0,,,,,,,,,not_started,,,{},,0,0
53,Seraph Celestine,7,37,34,30,24,39,26,13,26,23,97,0,40,40,active,141,11,their weapon,302,0,Balanced,"{""grit"":24,""luck"":23,""ward"":18,""magic"":9,""speed"":33,""attack"":26,""defense"":22,""evasion"":22,""accuracy"":35}",bat girl,https://images.crawlball.app/portraits/seraph_celestine.png,0,0,27,,50,4,,,,,,,,,not_started,,,{},,0,0
1,Thea Tinderwick,1,46,39,14,10,43,41,14,15,23,97,0,31,31,active,310,14,their weapon,505,0,Striker,"{""grit"":12,""luck"":23,""ward"":9,""magic"":2,""speed"":43,""attack"":30,""defense"":12,""evasion"":36,""accuracy"":37}",human,https://images.crawlball.app/portraits/thea_tinderwick.png,0,0,42,,118,6,,,,,,,,,not_started,,,{},,0,0
27,Mirandel Ashwhisper,4,45,41,17,10,44,40,6,7,28,8,0,30,30,active,532,10,their weapon,359,0,Striker,"{""grit"":8,""luck"":28,""ward"":5,""magic"":2,""speed"":39,""attack"":31,""defense"":13,""evasion"":36,""accuracy"":36}",half-elf,https://images.crawlball.app/portraits/mirandel_ashwhisper.png,0,0,68,,35,3,,,,,,,,,not_started,,,{},,0,0
94,Mazgha Saltwood,,32,19,11,18,37,20,37,42,26,0,0,34,34,tavern,0,1,,0,0,Mage,"{""grit"":18,""luck"":26,""ward"":42,""magic"":37,""speed"":32,""attack"":19,""defense"":11,""evasion"":20,""accuracy"":37}",orc,https://images.crawlball.app/portraits/mazgha_saltwood.png,0,0,0,,0,0,,,,,,,,,not_started,,,{},,0,0
36,Tharavel Dawnstar,5,37,34,25,24,34,35,13,27,22,8,0,39,41,active,838,9,their weapon,296,0,Balanced,"{""grit"":22,""luck"":22,""ward"":19,""magic"":8,""speed"":28,""attack"":25,""defense"":21,""evasion"":27,""accuracy"":33}",half-elf,https://images.crawlball.app/portraits/tharavel_dawnstar.png,3,0,53,,35,0,,,,,,,,,not_started,,,{},,0,0
20,Drifta Dockborn,3,38,32,22,21,41,25,17,28,22,100,0,40,40,active,824,13,their weapon,448,0,Balanced,"{""grit"":20,""luck"":22,""ward"":18,""magic"":9,""speed"":29,""attack"":24,""defense"":19,""evasion"":25,""accuracy"":29}",human,https://images.crawlball.app/portraits/drifta_dockborn.png,0,1,25,,128,0,,"[""speed"",""precision"",""charisma"",""grit"",""power"",""guard""]","{""charm"":31,""guard"":10,""power"":17,""agility"":42}",,approved,,,,not_started,,,{},,35,0
95,Damnara Crownborn,,18,11,18,14,31,22,35,38,17,0,0,33,33,tavern,0,1,,0,0,Mage,"{""grit"":14,""luck"":17,""ward"":38,""magic"":35,""speed"":18,""attack"":11,""defense"":18,""evasion"":22,""accuracy"":31}",demon,https://images.crawlball.app/portraits/damnara_crownborn.png,0,0,0,,0,0,,,,,,,,,not_started,,,{},,0,0
50,Celeste Gloryborn,7,33,26,26,22,35,30,14,25,23,100,0,39,39,active,818,12,their weapon,391,0,Balanced,"{""grit"":22,""luck"":23,""ward"":15,""magic"":6,""speed"":23,""attack"":26,""defense"":20,""evasion"":24,""accuracy"":31}",oni,https://images.crawlball.app/portraits/celeste_gloryborn.png,0,0,35,,78,3,,,,,,,,,not_started,,,{},,0,0
5,Mirandel Brazenmark,1,47,36,20,12,44,40,12,12,22,79,0,32,32,active,439,10,their weapon,293,0,Striker,"{""grit"":12,""luck"":22,""ward"":6,""magic"":2,""speed"":43,""attack"":35,""defense"":16,""evasion"":36,""accuracy"":41}",half-elf,https://images.crawlball.app/portraits/mirandel_brazenmark.png,2,0,36,,32,3,,,,,,,,,not_started,,,{},,0,0
96,Dagmar Goldwick,,27,14,15,17,30,21,49,34,24,0,0,30,30,tavern,0,1,,0,0,Mage,"{""grit"":17,""luck"":24,""ward"":34,""magic"":49,""speed"":27,""attack"":14,""defense"":15,""evasion"":21,""accuracy"":30}",angel,https://images.crawlball.app/portraits/dagmar_goldwick.png,0,0,0,,0,0,,,,,,,,,not_started,,,{},,0,0
47,Glint Slywick,6,49,37,20,9,37,43,9,11,28,100,0,27,32,active,967,11,their weapon,364,0,Striker,"{""grit"":12,""luck"":28,""ward"":7,""magic"":3,""speed"":39,""attack"":35,""defense"":14,""evasion"":35,""accuracy"":36}",human,https://images.crawlball.app/portraits/glint_slywick.png,0,0,34,,89,1,,"[""precision"",""speed"",""charisma"",""power"",""grit"",""guard""]","{""charm"":31,""guard"":10,""power"":24,""agility"":42}",,approved,,,,not_started,,,{},,0,0
18,Thalya Saltrock,3,48,42,16,10,44,47,12,14,27,100,0,26,26,active,1190,13,their weapon,505,0,Striker,"{""grit"":10,""luck"":27,""ward"":6,""magic"":5,""speed"":38,""attack"":34,""defense"":15,""evasion"":37,""accuracy"":37}",oni,https://images.crawlball.app/portraits/thalya_saltrock.png,0,0,38,,110,1,,,,,,,,,not_started,,,{},,0,0
29,Thornrose Greywatch,4,48,38,19,8,49,47,12,12,28,100,0,29,29,active,82,13,their weapon,449,0,Striker,"{""grit"":8,""luck"":26,""ward"":8,""magic"":2,""speed"":39,""attack"":32,""defense"":11,""evasion"":37,""accuracy"":38}",human,https://images.crawlball.app/portraits/thornrose_greywatch.png,0,0,27,,113,3,,,,,,,,,not_started,,,{},,0,0
32,Fumiko Mortice,4,24,28,42,36,28,20,15,27,11,100,0,56,56,active,282,12,their weapon,309,0,Tank,"{""grit"":36,""luck"":11,""ward"":23,""magic"":3,""speed"":16,""attack"":22,""defense"":38,""evasion"":14,""accuracy"":22}",kitsune,https://images.crawlball.app/portraits/fumiko_mortice.png,0,1,17,,115,4,,,,,,,,,not_started,,,{},,0,0
54,Exalta Noblecrest,7,26,8,22,15,38,37,46,46,24,97,0,31,31,active,233,11,their weapon,321,0,Mage,"{""grit"":15,""luck"":24,""ward"":40,""magic"":40,""speed"":22,""attack"":4,""defense"":14,""evasion"":27,""accuracy"":36}",bat girl,https://images.crawlball.app/portraits/exalta_noblecrest.png,0,0,34,,50,2,,,,,,,,,not_started,,,{},,0,0
44,Nimloth Quickmark,6,30,33,23,23,41,29,20,22,20,100,0,39,42,active,659,14,their weapon,498,0,Balanced,"{""grit"":23,""luck"":20,""ward"":14,""magic"":10,""speed"":27,""attack"":28,""defense"":21,""evasion"":26,""accuracy"":35}",elf,https://images.crawlball.app/portraits/nimloth_quickmark.png,0,0,13,,155,1,,,,,,,,,not_started,,,{},,0,0
14,Roisin Rootwick,2,52,41,20,12,58,40,10,14,23,88,0,31,31,active,1107,12,their weapon,444,0,Striker,"{""grit"":10,""luck"":23,""ward"":8,""magic"":4,""speed"":35,""attack"":33,""defense"":13,""evasion"":38,""accuracy"":44}",human,https://images.crawlball.app/portraits/roisin_rootwick.png,2,0,15,,105,0,,,,,,,,,not_started,,,{},,0,0
16,Envy Oakenshield,2,31,27,33,22,41,36,22,26,23,97,0,39,41,active,727,11,their weapon,259,0,Balanced,"{""grit"":22,""luck"":21,""ward"":17,""magic"":12,""speed"":27,""attack"":23,""defense"":24,""evasion"":26,""accuracy"":33}",tiefling,https://images.crawlball.app/portraits/envy_oakenshield.png,0,0,16,,99,0,,"[""guard"",""power"",""grit"",""precision"",""speed"",""charisma""]","{""charm"":10,""guard"":45,""power"":38,""agility"":20}",,approved,,,,not_started,,,{},,0,0
43,Gambit Snatchwick,6,37,26,33,20,33,30,22,24,23,100,0,37,40,active,465,14,their weapon,470,0,Balanced,"{""grit"":22,""luck"":23,""ward"":20,""magic"":12,""speed"":29,""attack"":22,""defense"":25,""evasion"":29,""accuracy"":29}",tanuki,https://images.crawlball.app/portraits/gambit_snatchwick.png,0,0,20,,150,2,,,,,,,,,not_started,,,{},,0,0
56,Shinara Moonborn,7,17,29,45,40,31,16,5,33,10,97,0,53,53,active,951,10,their weapon,267,0,Tank,"{""grit"":40,""luck"":10,""ward"":27,""magic"":3,""speed"":13,""attack"":21,""defense"":39,""evasion"":12,""accuracy"":25}",wolf girl,https://images.crawlball.app/portraits/shinara_moonborn.png,0,1,17,,55,4,,,,,,,,,not_started,,,{},,0,0
59,Oksana Urnborn,8,34,36,29,29,34,29,15,26,23,92,0,41,41,active,945,11,their weapon,365,0,Balanced,"{""grit"":25,""luck"":23,""ward"":20,""magic"":7,""speed"":29,""attack"":24,""defense"":23,""evasion"":27,""accuracy"":28}",human,https://images.crawlball.app/portraits/oksana_urnborn.png,1,0,63,,74,0,,,,,,,,,not_started,,,{},,0,0
65,Swell Deepcrest,3,40,23,38,25,44,29,13,24,23,100,0,38,38,active,383,13,,406,0,Balanced,"{""grit"":24,""luck"":23,""ward"":17,""magic"":9,""speed"":34,""attack"":19,""defense"":26,""evasion"":25,""accuracy"":31}",human,https://images.crawlball.app/portraits/swell_deepcrest.png,0,0,21,,116,1,,,,,,,,,not_started,,,{},,0,0
8,Aerith Stonehearth,1,24,13,23,16,43,22,45,43,28,76,0,30,30,active,194,10,their weapon,268,0,Mage,"{""grit"":17,""luck"":28,""ward"":39,""magic"":43,""speed"":22,""attack"":5,""defense"":13,""evasion"":21,""accuracy"":37}",half-elf,https://images.crawlball.app/portraits/aerith_stonehearth.png,3,0,49,,34,2,,,,,,,,,not_started,,,{},,0,0
31,Dusk Greyspire,4,26,28,25,20,32,38,15,21,19,100,0,41,41,active,605,12,their weapon,370,0,Balanced,"{""grit"":20,""luck"":19,""ward"":15,""magic"":7,""speed"":22,""attack"":24,""defense"":19,""evasion"":24,""accuracy"":28}",harpy,https://images.crawlball.app/portraits/dusk_greyspire.png,0,0,27,,119,2,,,,,,,,,not_started,,,{},,0,0
15,Linden Woodholm,2,36,36,25,27,45,37,15,28,20,97,0,40,40,active,467,12,their weapon,364,0,Balanced,"{""grit"":23,""luck"":20,""ward"":20,""magic"":14,""speed"":30,""attack"":24,""defense"":21,""evasion"":25,""accuracy"":30}",human,https://images.crawlball.app/portraits/linden_woodholm.png,0,0,14,,113,0,,,,,,,,,not_started,,,{},,0,0
17,Oceana Shipwright,3,31,24,26,23,46,34,15,20,17,100,0,37,37,active,955,13,their weapon,470,0,Balanced,"{""grit"":23,""luck"":17,""ward"":16,""magic"":9,""speed"":25,""attack"":21,""defense"":23,""evasion"":22,""accuracy"":30}",human,https://images.crawlball.app/portraits/oceana_shipwright.png,0,1,15,,128,2,,,,,,,,,not_started,,,{},,0,0
7,Elenith Greymantle,1,23,30,27,19,34,27,16,24,18,83,0,42,42,active,471,10,their weapon,282,0,Balanced,"{""grit"":19,""luck"":18,""ward"":16,""magic"":8,""speed"":23,""attack"":24,""defense"":23,""evasion"":24,""accuracy"":31}",half-elf,https://images.crawlball.app/portraits/elenith_greymantle.png,2,0,40,,54,4,,,,,,,,,not_started,,,{},,0,0
13,Dara Shadowleaf,2,50,42,22,13,46,38,11,12,23,97,0,31,33,active,555,12,their weapon,375,0,Striker,"{""grit"":9,""luck"":23,""ward"":6,""magic"":3,""speed"":40,""attack"":33,""defense"":12,""evasion"":33,""accuracy"":38}",tanuki,https://images.crawlball.app/portraits/dara_shadowleaf.png,0,0,19,,102,0,,,,,,,,,not_started,,,{},,0,0
58,Fallacy Gravemark,8,43,34,19,13,47,46,14,21,25,97,0,31,31,active,301,12,their weapon,422,0,Striker,"{""grit"":13,""luck"":25,""ward"":9,""magic"":2,""speed"":41,""attack"":34,""defense"":15,""evasion"":34,""accuracy"":36}",tiefling,https://images.crawlball.app/portraits/fallacy_gravemark.png,0,0,65,,68,0,,"[""charm"",""agility"",""power"",""guard""]","{""charm"":44,""guard"":8,""power"":20,""agility"":32}",,approved,,-2,,not_started,,,{},,38,0
42,Ruse Widdershins,6,41,36,25,12,44,36,13,16,29,100,0,30,33,active,923,14,their weapon,531,0,Striker,"{""grit"":16,""luck"":29,""ward"":6,""magic"":3,""speed"":42,""attack"":32,""defense"":15,""evasion"":34,""accuracy"":38}",human,https://images.crawlball.app/portraits/ruse_widdershins.png,0,0,37,,169,1,,,,,,,,,not_started,,,{},,0,0
74,Lumiel Foxglove,4,34,24,23,16,31,22,47,39,20,2,0,28,28,tavern,11,8,,147,0,Mage,"{""grit"":15,""luck"":20,""ward"":37,""magic"":39,""speed"":30,""attack"":22,""defense"":17,""evasion"":18,""accuracy"":27}",shade,https://images.crawlball.app/portraits/lumiel_foxglove.png,1,0,47,,15,0,,"[""power"",""agility"",""guard"",""charm""]","{""charm"":8,""guard"":20,""power"":44,""agility"":32}",,approved,,2,,not_started,,,{},,27,0
52,Celestiel Goldveil,7,50,41,18,11,51,44,7,13,26,100,0,30,30,active,319,13,their weapon,473,0,Striker,"{""grit"":11,""luck"":26,""ward"":7,""magic"":5,""speed"":44,""attack"":35,""defense"":12,""evasion"":36,""accuracy"":37}",tanuki,https://images.crawlball.app/portraits/celestiel_goldveil.png,0,1,47,,72,6,,,,,,,,,not_started,,,{},,0,0
61,Lesya Ashfall,8,46,43,22,13,42,40,11,12,29,97,0,33,35,active,369,12,their weapon,363,0,Striker,"{""grit"":13,""luck"":29,""ward"":8,""magic"":3,""speed"":38,""attack"":33,""defense"":15,""evasion"":34,""accuracy"":34}",vampire,https://images.crawlball.app/portraits/lesya_ashfall.png,0,0,35,,95,0,,,,,,,,,not_started,,,{},,0,0
